url,issue,action
https://nmgtechnologies.com/,missing_or_long_title,rewrite_needed
https://nmgtechnologies.com/agentic-ai,missing_or_long_title,rewrite_needed
https://nmgtechnologies.com/ai-driven-enterprise-software-development,missing_or_long_title,rewrite_needed
https://nmgtechnologies.com/ai-enhanced-web-mobile-application-development,missing_or_long_title,rewrite_needed
https://nmgtechnologies.com/ai-optimized-ecommerce-solutions,missing_or_long_title,rewrite_needed
https://nmgtechnologies.com/ai-powered-business-process-transformation,missing_or_long_title,rewrite_needed
https://nmgtechnologies.com/blog/advantages-of-asp-net-core,missing_or_long_title,rewrite_needed
https://nmgtechnologies.com/blog/best-practices-offshore-software-development,missing_or_long_title,rewrite_needed
https://nmgtechnologies.com/blog/how-to-build-an-app-like-uber,missing_or_long_title,rewrite_needed
https://nmgtechnologies.com/blog/nmg-technologies-made-list-top-mobile-app-development-companies-goodfirms,missing_or_long_title,rewrite_needed
https://nmgtechnologies.com/blog/nmg-technologies-participated-in-softwave-2023-the-republic-of-korea-software-exhibition,missing_or_long_title,rewrite_needed
https://nmgtechnologies.com/blog/nmg-technologies-to-participate-in-leap-2023-tech-conference-in-riyadh-saudi-arabia,missing_or_long_title,rewrite_needed
https://nmgtechnologies.com/blog/nmg-technologies-to-participate-in-mobile-word-capital-barcelona-the-worlds-largest-and-most-influential-connectivity-event,missing_or_long_title,rewrite_needed
https://nmgtechnologies.com/blog/nmg-technologies-to-participate-in-retail-innovation-conference-and-expo-2023-in-chicago,missing_or_long_title,rewrite_needed
https://nmgtechnologies.com/blog/nmg-technologies-to-sponsor-and-exhibit-at-brighton-seo-2023-and-online-pr-show-2023,missing_or_long_title,rewrite_needed
https://nmgtechnologies.com/blog/nmg-to-participate-in-the-largest-tech-expo-in-the-middle-east-gitex-global-2022-dubai,missing_or_long_title,rewrite_needed
https://nmgtechnologies.com/blog/nmg-to-participate-in-the-largest-tech-expo-in-the-middle-east-gitex-global-2023-dubai,missing_or_long_title,rewrite_needed
https://nmgtechnologies.com/blog/sempo-hangouts-session-user-experience,missing_or_long_title,rewrite_needed
https://nmgtechnologies.com/blog/top-wordpress-themes,missing_or_long_title,rewrite_needed
https://nmgtechnologies.com/blog/ui-ux-mobile-app-development,missing_or_long_title,rewrite_needed
